id,titre,lienYT,temp,img,idTheme
1,Cinquieme element,4MR6D7tL38U,195,,1
2,Jurassic park,D8zlUUrFK-M,0,,1
3,Ghost Busters,NmpFm-TMVE8,0,,1
4,Indiana Jones,pNfMOtPywCM,0,,1
5,Supperman,e9vrfEoc8_g,0,,1
6,Star Wars,sFvQOc4xS2k,0,,1
7,Misson impossible,JtyByefOvgQ,0,,1
8,E.T.,O15x-B8PgeE,0,,1
9,Pirates des Carribbean,PjuW3c48p6U,0,,1
10,Titanic,saalGKY7ifU,0,,1
11,Spider Man,0Ac4xamCIgY,0,,1
12,Gladiator,AlY42MmkEiM,0,,1
13,Batman,kRZAk2rfESU,31,,1
14,007 James Bond,U9FzgsF2T-s,12,,1
15,Rocky,xSmYAdiXb5M,02,,1
16,Harry Potter,Htaj3o3JD8I,0,,1
17,Magicien d oz,cUvLUAKfN20,0,,1
18,Men In Black,fiBLgEx6svA,0,,1
19,Forrest Gump,FcOt6mfjxeA,0,,1
20,Sherlock Holmes,oXLodky50zM,0,,1
21,Bad Boys,f8HtmFtGSQo,0,,1
22,The Mask,l4XHcZR0cjY,06,,1
23,Game of Thrones,s7L2PVdrb_8,0,,2
24,Ghost,z9y4gaXNi5A,0,,1
25,Dirty Dancing,o3NndBTqC3Y,0,,1
26,Flashdance,aclyuqS1MmA,0,,1
27,Il etait une fois dans l'ouest,rRexqa3J4CM,0,,1
28,Le Bon La Brute et le Truand,9NMr0paWUCQ,0,,1
29,Le Seigneur des Anneaux,PjJa9ZeoY8s,0,,1
30,la petite maison dans la prairie,E9YZzuhBLs4,0,,2
31,Ma sorciere bien aimee,QQdTYThC9CI,0,,2
32,la 7eme compagnie,e5wt71pRA_Y,03,,1
33,Inception,h2SXKI3m14s,0,,1
34,Brice,E7oWe5t6CGk,07,,1
35,Kingsman,MW2mGpBDLO0,0,,1
36,Intouchables,k016mR9tQdI,0,,1
37,Rain Man,fKZkIt0QRoM,0,,1
38,Berverly Hills Cop,V4kWpi2HnPU,0,,1
39,Alerte a Malibu,7iOTtCHR1TQ,0,,2
40,Les Choristes,9lfgOfMY2FI,0,,1
41,Mac Gyver,lc8RFPZUkiQ,0,,2
42,Friends,d8IcmtNolXI,0,,2
43,Madame est servie,jfbdxxRKj9Q,0,,2
44,Chapeau melon et bottes de cuir,vHS_k33r88U,0,,2
45,Premiers Baisers,1DiPaBJcVWo,05,,2
46,Helene et les garcon,_HzPiYBBjGg,0,,2
47,Braveheart,9AN04imFDK8,0,,1
48,Les gendarme de st tropez,chDjya8jDEU,0,,1
49,La folie des grandeurs,faG7QNNPHw0,0,,1
50,Agence Tous Risques,8nx6DH0d-DQ,20,,2
51,Interstellar,UDVtMYqUAyw,0,,1
52,Pearl Harbor,opP4PcZ7aN4,0,,1
53,Le Dernier des Mohicans,uzMx60ea_gI,18,,1
54,La Soupe aux Choux,MV6eqL4lskQ,0,,1
55,Les Visiteurs,LVJbmYwfuxY,0,,1
56,Avatar,Jxq_133jEtQ,0,,1
57,Wild Wild West,_zXKtfKnfT8,0,,1
58,Grease,0_hYBHyKk34,17,,1
59,Starsky et Hutch,HY3T6_ZfrXU,0,,2
60,Wonder Woman,imc_qG8Re2Q,12,,2
61,Charmed,EpxDXU6rYNw,0,,2
62,Les Bronzes font du ski,mtqZM8FLWuc,0,,1
63,Top Gun,r5h5JrzJMtQ,0,,1
64,Lois Supperman,3pkSTDtkQSw,0,,2
65,Matrix,XbxZargtXug,28,,1
66,Kill Bill,nsgHyzwmbnQ,0,,1
67,la ligne verts,S5Lwy3nVg1I,0,,1
68,Tron,M4dUiBfMQVU,0,,1
69,L Exorcist,geFhtD-ZXoA,0,,1
70,Pretty Woman,JPrLgP7ja64,0,,1
71,La Boum,WY-5R1UD4M8,0,,1
72,Ma Famille D Abord,GWBoM9r8yjE,0,,2
73,SODA,waXQlSVTnTc,0,,2
74,Les Feux De l Amour,DSBofIik5Jw,0,,2
75,Nos Chers Voisins,Srv6gOOISI0,0,,2
76,Smallville,HJYoZG7ZMaU,03,,2
77,Experts,RNRFo4Jn5bg,0,,2
78,Urgences,lOfpKfQpDuc,0,,2
79,Grey's Anatomy,ndNAOTYkuEU,0,,2
80,Dawson,683HJlKGSuE,0,,2
81,Sous le Soleil,xefeYYsKwbg,0,,2
82,Ptison Break,6REdHO3StZo,0,,2
83,Desperate Housewives,8K3I_UMPQ9k,0,,2
84,Buffy,1LT7m5lu_Zg,0,,2
85,X Files,HQoRXhS7vlU,0,,2
86,Prince de Bel Air,OPVqumgVSlY,0,,2
87,7 a la maison,6pL63in7qBw,0,,2
88,Dr House,iXdqXnH5lG0,02,,2
89,Malcolm,gdh0YgbWPJ0,0,,2
90,Les Freres Scott,TAAcPoXejVI,0,,2
91,Sex and the City,owWFNcoxECk,0,,2
92,Breaking Bad,59p7rg-mmT8,0,,2
93,New York Unite Speciale,Qi_Ik4MflWs,0,,2
94,Nounou d enfer,LW-E13joiA8,0,,2
95,Un Dos Tres,pCLQPg6lcKM,0,,2
96,Dark Angel,gDwqc8oGzkQ,0,,2
97,Angel,DVJckNqDmOA,0,,2
98,Narnia,XUfBZ491IVU,40,,1
99,Twilight,rtOvBOTyX00,0,,1
100,Prince of Persia,s9Wk-09powE,0,,1
101,Mummy,LUulppSi6Ls,0,,1
102,The Mortal Instruments,wR3W3Boxkcs,0,,1
103,Sauver Willy,ghB7Uhh0LRU,25,,1
104,Hunger Games,zvvfHmeKOJc,0,,1
105,Asterix et Obelix,liDMGofHVRw,0,,1
106,l arme fatale,1UNBHp52KGM,0,,1
107,Judge Dredd,Bj27LLLELe4,0,,1
108,X Men,RV8wN-VX32U,0,,1
109,Le Parrain,QK736KcqdK4,0,,1
110,Leon,QK-Z1K67uaA,0,,1
111,Le Hobbit,SvJ9UMQ9k9g,0,,1
112,insidous,EjiIhf42Nsc,0,,1
113,Alice au Pays des Merveille,prrTrpn4mBk,0,,1
114,Mr Ben,RkjQANyhQtA,0,,2
115,Les Droles de Domes,bWlcOET46t0,0,,2
116,Dead Silence,UI2WuKFX7u0,0,,1
117,SAW,vhSHXGM7kgE,0,,1
118,NCIS,lqFTHnwYW9A,0,,1
119,Mentalist,7mc1c9fAdM0,0,,1
120,Terminator,81Qhw81jTU8,0,,1
121,Alien,f9egQyLpEyI,0,,1
122,Predators,oXnAxydhZ8M,50,,1
123,Alien vs Predator,oEq0igEmMQ0,0,,1
124,Project X,l3NDGw45bVo,0,,1
125,La Casa De Papel,Zx37mfDRpyk,0,,2
126,Monk,7j5Be5a86uA,04,,2
127,Alias,RzlNXUC8gVc,0,,2
128,L Histoire Sans Fin,hXJQOnT0xAM,0,,1
129,Fast and Furious,RgKAFK5djSk,0,,1
130,Hitman,WEh44ztzOvg,0,,1
131,Et Pour Quelques Dollars de Plus,swphPymGltY,0,,1
132,La liste de Schindler s,-c0gLBZ4CzA,0,,1
133,Austin Powers,ripdiYe8MUA,0,,1
134,The Walking Dead,BG_TfAgYrKo,0,,2
135,Scorpion King,39R8mgCsdm0,0,,1
136,Ghost Whisperer,sXDeWw2aItA,0,,2
137,DeadPool,CX11yw6YL1w,0,,1,ltbd6F280_k
138,Scorpion,Ct46cZeA9fM,0,,2
139,Un Indien dans la ville,DGXLi4MQxS8,0,,1
140,Une Nuit en Enfer,GHhQyt8BtUo,0,,1
141,Vendredi,xR8oke8rzp8,0,,1
142,Freddy,5xymSwhhY1w,0,,1
143,Cheky,oAeB7-cnvvM,0,,1
144,Sisi Imperatrice,wrvh9fX5ilQ,5,,1
145,Halloween,gqVyois9mp4,0,,1
146,Scream,DdRgmUGHv3Q,0,,1
147,It,5zsuSfjyXB4,0,,1
148,Hellraiser,60_A2gvgcqg,0,,1
149,La Famille Addams,2sK9oxopj90,0,,2
150,La Famille Addams,4NBkH1lxlVA,09,,1
151,I Robots,CGGr6aohGR0,0,,1
152,Les Dents de la Mer,g18907r3w7A,0,,1
153,Indespeadence Day,EMjvqPJ5tKY,0,,1
154,Gremlins,VSbq0KE6fVA,07,,1
155,Sleepy Hollow,L2pzvjQkRTU,0,,1
156,Fantomas,VGnynehc-ZU,0,,1
157,Jumanji,DSfJoH4L1Cs,0,,1
158,Rabbi Jacobs,KBcHT-gcUFI,0,,1
159,Sister Act,VPpd-6X3tEo,04,,1
160,Il faut sauver le soldat Ryan,vizCmXNkVhk,0,,1
161,Un Gars une Fille,WVTAA0J6E0k,0,,2
162,Iron man,Yo9LK2dH8XM,0,,1
163,Doctor Strange,O6Gkdme2bck,0,,1
164,Les Gardiens de la Galaxy,Kt-tLuszKBA,0,,1
165,V pour Vendeta,_oUppYsAnco,0,,1
166,Le silence des agneaux,u8ob-M7fHNw,0,,1
167,Maman j ai rater l avion,_bVOuOnO6mY,0,,1
168,Mrs Doubtfire,jAHgDtxM-RU,10,,1
169,The Ring,ARANSQ15Vrk,0,,1
170,The Grudge,CuDtoGRzYE4,0,,1
171,Transformers,0_FHPJIhNBw,45,,1
172,le Transporter,Xoj98nHniFo,0,,1
173,2001 Odyssee de l espace,5HjTXZPnYso,0,,1
174,28 jour plus tard,DbwlGv9SWfY,0,,1
175,Medium,2glQrP4FjlY,0,,2
176,Resident Evil,HpGQaUZ5Qzs,0,,1
177,Mortal Kombat,EAwWPadFsOA,0,,1
178,Robocop,Kb1_38445vA,20,,1
179,Star Trek,EWSp5ijOOfk,0,,1
180,Psychose,bNIO77AnqpM,04,,1
181,Stranger Things,Jmv5pTyz--I,0,,2
182,Charlie et la Chocolaterie,lsDl7NxcprA,0,,1
183,la penthere rose,m53QIt5uChM,0,,1
184,la soif de l'or,uJn98NyrIJE,0,,1
185,les Bronzer 1,n_M-Vr9MwDs,0,,1
186,les sous doués,5ndzd3ErizY,0,,1
187,Amour Gloire et Beaute,_vKGUyICu08,0,,1
188,Blade,cNOP2t9FObw,0,,1
189,UnderWorld,6lrxLkLn7sc,70,,1
190,scary movie,S3GB9fv2-4A,0,,1
191,The Witcher,E7WS6po_f8I,0,,2
192,Hawaii 5-0,SEa0xCS-mlk,0,,2
193,Supercopter,WSI4lgekVOM,0,,2
194,K2000,noUgoO8D6vQ,0,,2
195,Silent Hill,e8QTDnqWAEk,0,,1
196,Les Experts Miami,WtN8KH_cz9o,0,,2
197,Les Experts Manhattan,fEvfFGhyKE4,0,,2
198,Teen Wolf,ZSTMa016Sc0,0,,2
199,Shadowhunters,bkKsSbm_4WM,45,,2
200,Walker Texas Ranger,_YQlb247nIg,0,,2
201,Les Ailes de l'Enfer,AIzLHtHNFQU,0,,1
202,60 secondes chrono,x2GQ5xmRjto,0,,1
203,Squid Game,YaZbrXAs5Wg,0,,2
204,Un souption de Magie,4aO-I41CzfQ,48,,2
205,Taxi,i8ITGzgccn0,0,,1
206,Dallas,rlfHcCLn4pk,4,,2
207,V les visiteur,nFnNSAyHnSA,0,,2
208,Arabesque,BPkX_ChLlJ8,0,,2
209,Dr Quinn,430MGXWneJI,0,,2
210,Dr Who,ddAzhAz4Jbo,0,,2
211,Sherif fait-moi peur,5be5zOaMrok,0,,2
212,Magnum,LBIgXhiOpeQ,0,,2
213,Section de Recherche,KtypHScdW8,0,,2
214,l'aile ou la cuisse,fZtG_bWzaA8,0,,1
215,Le Diner de cons,c_Tc_YDK1Gk,0,,1
216,Dolmen,hIbeK4GloUI,0,,2
217,Le grand Restaurant,y7d2gD8wsJg,0,,1
218,Zodiaque,EM0oIbMSSuw,0,,2
219,La vérité si je mens,4Wpj8upiov8,0,,1
220,Je suis une légende,G_QmgEz720w,5,,1
221,50 Nuances de grey,bgjUzhdmmF0,15,,1
222,After,rdaTcKziHjo,5,,1
223,The Sandman,n2gCRK-f1pM,15,,2
224,La cage aux Folles,n9_TWt9D9eQ,0,,1
225,L'avare,DFwNgbpF9bw,0,,1
226,La grande Vadrouille,ljXbTiof-hU,0,,1
227,le Corniaud,5O0s1X0RgBw,0,,1
